{
  "annotations": {
    "list": [
      {
        "builtIn": 1,
        "datasource": {
          "type": "datasource",
          "uid": "grafana"
        },
        "enable": true,
        "hide": true,
        "iconColor": "rgba(0, 211, 255, 1)",
        "name": "Annotations & Alerts",
        "target": {
          "limit": 100,
          "matchAny": false,
          "tags": [],
          "type": "dashboard"
        },
        "type": "dashboard"
      }
    ]
  },
  "description": "Visualize AWS FSx metrics",
  "editable": true,
  "fiscalYearStartMonth": 0,
  "graphTooltip": 0,
  "id": 20,
  "links": [
    {
      "asDropdown": false,
      "icon": "external link",
      "includeVars": false,
      "keepTime": true,
      "tags": ["hyperpod"],
      "targetBlank": false,
      "title": "",
      "tooltip": "",
      "type": "dashboards",
      "url": ""
    }
  ],
  "liveNow": false,
  "panels": [
    {
      "datasource": {
        "type": "cloudwatch",
        "uid": "${datasource}"
      },
      "fieldConfig": {
        "defaults": {
          "color": {
            "mode": "palette-classic"
          },
          "custom": {
            "axisBorderShow": false,
            "axisCenteredZero": false,
            "axisColorMode": "text",
            "axisLabel": "",
            "axisPlacement": "auto",
            "barAlignment": 0,
            "drawStyle": "line",
            "fillOpacity": 20,
            "gradientMode": "none",
            "hideFrom": {
              "legend": false,
              "tooltip": false,
              "viz": false
            },
            "insertNulls": false,
            "lineInterpolation": "linear",
            "lineWidth": 1,
            "pointSize": 5,
            "scaleDistribution": {
              "type": "linear"
            },
            "showPoints": "never",
            "spanNulls": true,
            "stacking": {
              "group": "A",
              "mode": "none"
            },
            "thresholdsStyle": {
              "mode": "off"
            }
          },
          "links": [],
          "mappings": [],
          "min": 0,
          "thresholds": {
            "mode": "absolute",
            "steps": [
              {
                "color": "green",
                "value": null
              },
              {
                "color": "red",
                "value": 80
              }
            ]
          },
          "unit": "bytes"
        },
        "overrides": [
          {
            "matcher": {
              "id": "byRegexp",
              "options": "/.*DeduplicationSavedStorage/"
            },
            "properties": [
              {
                "id": "custom.axisPlacement",
                "value": "right"
              }
            ]
          }
        ]
      },
      "gridPos": {
        "h": 8,
        "w": 12,
        "x": 0,
        "y": 0
      },
      "id": 22,
      "options": {
        "legend": {
          "calcs": ["min", "max", "mean"],
          "displayMode": "table",
          "placement": "bottom",
          "showLegend": true
        },
        "tooltip": {
          "mode": "multi",
          "sort": "none"
        }
      },
      "pluginVersion": "9.2.19",
      "targets": [
        {
          "alias": "",
          "application": {
            "filter": ""
          },
          "datasource": {
            "uid": "${datasource}"
          },
          "dimensions": {
            "FileSystemId": "$filesystemid"
          },
          "expression": "",
          "functions": [],
          "group": {
            "filter": ""
          },
          "host": {
            "filter": ""
          },
          "id": "",
          "item": {
            "filter": ""
          },
          "label": "",
          "matchExact": true,
          "metricEditorMode": 0,
          "metricName": "FreeStorageCapacity",
          "metricQueryType": 0,
          "mode": 0,
          "namespace": "AWS/FSx",
          "options": {
            "showDisabledItems": false
          },
          "period": "",
          "queryMode": "Metrics",
          "refId": "A",
          "region": "$region",
          "sqlExpression": "",
          "statistic": "Average"
        },
        {
          "alias": "",
          "application": {
            "filter": ""
          },
          "datasource": {
            "uid": "${datasource}"
          },
          "dimensions": {
            "FileSystemId": "$filesystemid"
          },
          "expression": "",
          "functions": [],
          "group": {
            "filter": ""
          },
          "hide": false,
          "host": {
            "filter": ""
          },
          "id": "",
          "item": {
            "filter": ""
          },
          "label": "",
          "matchExact": true,
          "metricEditorMode": 0,
          "metricName": "DeduplicationSavedStorage",
          "metricQueryType": 0,
          "mode": 0,
          "namespace": "AWS/FSx",
          "options": {
            "showDisabledItems": false
          },
          "period": "",
          "queryMode": "Metrics",
          "refId": "B",
          "region": "$region",
          "sqlExpression": "",
          "statistic": "Sum"
        }
      ],
      "title": "FreeStorageCapacity/DeduplicationSavedStorage",
      "type": "timeseries"
    },
    {
      "gridPos": {
        "h": 8,
        "w": 12,
        "x": 12,
        "y": 0
      },
      "id": 29,
      "options": {
        "alertInstanceLabelFilter": "",
        "alertName": "",
        "dashboardAlerts": false,
        "groupBy": [],
        "groupMode": "default",
        "maxItems": 20,
        "sortOrder": 1,
        "stateFilter": {
          "error": true,
          "firing": true,
          "noData": false,
          "normal": false,
          "pending": true
        },
        "viewMode": "list"
      },
      "title": "Alerts",
      "type": "alertlist"
    },
    {
      "datasource": {
        "type": "cloudwatch",
        "uid": "${datasource}"
      },
      "fieldConfig": {
        "defaults": {
          "color": {
            "mode": "palette-classic"
          },
          "custom": {
            "axisBorderShow": false,
            "axisCenteredZero": false,
            "axisColorMode": "text",
            "axisLabel": "",
            "axisPlacement": "auto",
            "barAlignment": 0,
            "drawStyle": "line",
            "fillOpacity": 20,
            "gradientMode": "none",
            "hideFrom": {
              "legend": false,
              "tooltip": false,
              "viz": false
            },
            "insertNulls": false,
            "lineInterpolation": "linear",
            "lineWidth": 1,
            "pointSize": 5,
            "scaleDistribution": {
              "type": "linear"
            },
            "showPoints": "never",
            "spanNulls": true,
            "stacking": {
              "group": "A",
              "mode": "none"
            },
            "thresholdsStyle": {
              "mode": "off"
            }
          },
          "links": [],
          "mappings": [],
          "min": 0,
          "thresholds": {
            "mode": "absolute",
            "steps": [
              {
                "color": "green",
                "value": null
              },
              {
                "color": "red",
                "value": 80
              }
            ]
          },
          "unit": "percent"
        },
        "overrides": [
          {
            "matcher": {
              "id": "byRegexp",
              "options": "/.*MemoryUtilization/"
            },
            "properties": [
              {
                "id": "custom.axisPlacement",
                "value": "right"
              }
            ]
          }
        ]
      },
      "gridPos": {
        "h": 7,
        "w": 24,
        "x": 0,
        "y": 8
      },
      "id": 24,
      "options": {
        "legend": {
          "calcs": ["min", "max", "mean"],
          "displayMode": "table",
          "placement": "bottom",
          "showLegend": true
        },
        "tooltip": {
          "mode": "multi",
          "sort": "none"
        }
      },
      "pluginVersion": "9.2.19",
      "targets": [
        {
          "alias": "",
          "application": {
            "filter": ""
          },
          "datasource": {
            "uid": "${datasource}"
          },
          "dimensions": {
            "FileSystemId": "$filesystemid"
          },
          "expression": "",
          "functions": [],
          "group": {
            "filter": ""
          },
          "host": {
            "filter": ""
          },
          "id": "",
          "item": {
            "filter": ""
          },
          "label": "",
          "matchExact": true,
          "metricEditorMode": 0,
          "metricName": "CPUUtilization",
          "metricQueryType": 0,
          "mode": 0,
          "namespace": "AWS/FSx",
          "options": {
            "showDisabledItems": false
          },
          "period": "",
          "queryMode": "Metrics",
          "refId": "A",
          "region": "$region",
          "sqlExpression": "",
          "statistic": "Average"
        },
        {
          "alias": "",
          "application": {
            "filter": ""
          },
          "datasource": {
            "uid": "${datasource}"
          },
          "dimensions": {
            "FileSystemId": "$filesystemid"
          },
          "expression": "",
          "functions": [],
          "group": {
            "filter": ""
          },
          "hide": false,
          "host": {
            "filter": ""
          },
          "id": "",
          "item": {
            "filter": ""
          },
          "label": "",
          "matchExact": true,
          "metricEditorMode": 0,
          "metricName": "MemoryUtilization",
          "metricQueryType": 0,
          "mode": 0,
          "namespace": "AWS/FSx",
          "options": {
            "showDisabledItems": false
          },
          "period": "",
          "queryMode": "Metrics",
          "refId": "B",
          "region": "$region",
          "sqlExpression": "",
          "statistic": "Sum"
        }
      ],
      "title": "CPUUtilization/MemoryUtilization",
      "type": "timeseries"
    },
    {
      "datasource": {
        "type": "cloudwatch",
        "uid": "${datasource}"
      },
      "fieldConfig": {
        "defaults": {
          "color": {
            "mode": "palette-classic"
          },
          "custom": {
            "axisBorderShow": false,
            "axisCenteredZero": false,
            "axisColorMode": "text",
            "axisLabel": "",
            "axisPlacement": "auto",
            "barAlignment": 0,
            "drawStyle": "line",
            "fillOpacity": 20,
            "gradientMode": "none",
            "hideFrom": {
              "legend": false,
              "tooltip": false,
              "viz": false
            },
            "insertNulls": false,
            "lineInterpolation": "linear",
            "lineWidth": 1,
            "pointSize": 5,
            "scaleDistribution": {
              "type": "linear"
            },
            "showPoints": "never",
            "spanNulls": true,
            "stacking": {
              "group": "A",
              "mode": "none"
            },
            "thresholdsStyle": {
              "mode": "off"
            }
          },
          "links": [],
          "mappings": [],
          "min": 0,
          "thresholds": {
            "mode": "absolute",
            "steps": [
              {
                "color": "green",
                "value": null
              },
              {
                "color": "red",
                "value": 80
              }
            ]
          },
          "unit": "percent"
        },
        "overrides": [
          {
            "matcher": {
              "id": "byRegexp",
              "options": "/.*FileServerDiskIopsUtilization/"
            },
            "properties": [
              {
                "id": "custom.axisPlacement",
                "value": "right"
              }
            ]
          }
        ]
      },
      "gridPos": {
        "h": 7,
        "w": 24,
        "x": 0,
        "y": 15
      },
      "id": 26,
      "options": {
        "legend": {
          "calcs": ["min", "max", "mean"],
          "displayMode": "table",
          "placement": "bottom",
          "showLegend": true
        },
        "tooltip": {
          "mode": "multi",
          "sort": "none"
        }
      },
      "pluginVersion": "9.2.19",
      "targets": [
        {
          "alias": "",
          "application": {
            "filter": ""
          },
          "datasource": {
            "uid": "${datasource}"
          },
          "dimensions": {
            "FileSystemId": "$filesystemid"
          },
          "expression": "",
          "functions": [],
          "group": {
            "filter": ""
          },
          "host": {
            "filter": ""
          },
          "id": "",
          "item": {
            "filter": ""
          },
          "label": "",
          "matchExact": true,
          "metricEditorMode": 0,
          "metricName": "StorageCapacityUtilization",
          "metricQueryType": 0,
          "mode": 0,
          "namespace": "AWS/FSx",
          "options": {
            "showDisabledItems": false
          },
          "period": "",
          "queryMode": "Metrics",
          "refId": "A",
          "region": "$region",
          "sqlExpression": "",
          "statistic": "Average"
        },
        {
          "alias": "",
          "application": {
            "filter": ""
          },
          "datasource": {
            "uid": "${datasource}"
          },
          "dimensions": {
            "FileSystemId": "$filesystemid"
          },
          "expression": "",
          "functions": [],
          "group": {
            "filter": ""
          },
          "hide": false,
          "host": {
            "filter": ""
          },
          "id": "",
          "item": {
            "filter": ""
          },
          "label": "",
          "matchExact": true,
          "metricEditorMode": 0,
          "metricName": "FileServerDiskIopsUtilization",
          "metricQueryType": 0,
          "mode": 0,
          "namespace": "AWS/FSx",
          "options": {
            "showDisabledItems": false
          },
          "period": "",
          "queryMode": "Metrics",
          "refId": "B",
          "region": "$region",
          "sqlExpression": "",
          "statistic": "Sum"
        }
      ],
      "title": "StorageCapacityUtilization/FileServerDiskIopsUtilization",
      "type": "timeseries"
    },
    {
      "datasource": {
        "type": "cloudwatch",
        "uid": "${datasource}"
      },
      "fieldConfig": {
        "defaults": {
          "color": {
            "mode": "palette-classic"
          },
          "custom": {
            "axisBorderShow": false,
            "axisCenteredZero": false,
            "axisColorMode": "text",
            "axisLabel": "",
            "axisPlacement": "auto",
            "barAlignment": 0,
            "drawStyle": "line",
            "fillOpacity": 20,
            "gradientMode": "none",
            "hideFrom": {
              "legend": false,
              "tooltip": false,
              "viz": false
            },
            "insertNulls": false,
            "lineInterpolation": "linear",
            "lineWidth": 1,
            "pointSize": 5,
            "scaleDistribution": {
              "type": "linear"
            },
            "showPoints": "never",
            "spanNulls": true,
            "stacking": {
              "group": "A",
              "mode": "none"
            },
            "thresholdsStyle": {
              "mode": "off"
            }
          },
          "links": [],
          "mappings": [],
          "min": 0,
          "thresholds": {
            "mode": "absolute",
            "steps": [
              {
                "color": "green"
              },
              {
                "color": "red",
                "value": 80
              }
            ]
          },
          "unit": "percent"
        },
        "overrides": [
          {
            "matcher": {
              "id": "byRegexp",
              "options": "/.*FileServerDiskThroughputUtilization/"
            },
            "properties": [
              {
                "id": "custom.axisPlacement",
                "value": "right"
              }
            ]
          }
        ]
      },
      "gridPos": {
        "h": 7,
        "w": 24,
        "x": 0,
        "y": 22
      },
      "id": 23,
      "options": {
        "legend": {
          "calcs": ["min", "max", "mean"],
          "displayMode": "table",
          "placement": "bottom",
          "showLegend": true
        },
        "tooltip": {
          "mode": "multi",
          "sort": "none"
        }
      },
      "pluginVersion": "9.2.19",
      "targets": [
        {
          "alias": "",
          "application": {
            "filter": ""
          },
          "datasource": {
            "uid": "${datasource}"
          },
          "dimensions": {
            "FileSystemId": "$filesystemid"
          },
          "expression": "",
          "functions": [],
          "group": {
            "filter": ""
          },
          "host": {
            "filter": ""
          },
          "id": "",
          "item": {
            "filter": ""
          },
          "label": "",
          "matchExact": true,
          "metricEditorMode": 0,
          "metricName": "NetworkThroughputUtilization",
          "metricQueryType": 0,
          "mode": 0,
          "namespace": "AWS/FSx",
          "options": {
            "showDisabledItems": false
          },
          "period": "",
          "queryMode": "Metrics",
          "refId": "A",
          "region": "$region",
          "sqlExpression": "",
          "statistic": "Average"
        },
        {
          "alias": "",
          "application": {
            "filter": ""
          },
          "datasource": {
            "uid": "${datasource}"
          },
          "dimensions": {
            "FileSystemId": "$filesystemid"
          },
          "expression": "",
          "functions": [],
          "group": {
            "filter": ""
          },
          "hide": false,
          "host": {
            "filter": ""
          },
          "id": "",
          "item": {
            "filter": ""
          },
          "label": "",
          "matchExact": true,
          "metricEditorMode": 0,
          "metricName": "FileServerDiskThroughputUtilization",
          "metricQueryType": 0,
          "mode": 0,
          "namespace": "AWS/FSx",
          "options": {
            "showDisabledItems": false
          },
          "period": "",
          "queryMode": "Metrics",
          "refId": "B",
          "region": "$region",
          "sqlExpression": "",
          "statistic": "Sum"
        }
      ],
      "title": "NetworkThroughputUtilization/FileServerDiskThroughputUtilization",
      "type": "timeseries"
    },
    {
      "datasource": {
        "type": "cloudwatch",
        "uid": "${datasource}"
      },
      "fieldConfig": {
        "defaults": {
          "color": {
            "mode": "palette-classic"
          },
          "custom": {
            "axisBorderShow": false,
            "axisCenteredZero": false,
            "axisColorMode": "text",
            "axisLabel": "",
            "axisPlacement": "auto",
            "barAlignment": 0,
            "drawStyle": "line",
            "fillOpacity": 20,
            "gradientMode": "none",
            "hideFrom": {
              "legend": false,
              "tooltip": false,
              "viz": false
            },
            "insertNulls": false,
            "lineInterpolation": "linear",
            "lineWidth": 1,
            "pointSize": 5,
            "scaleDistribution": {
              "type": "linear"
            },
            "showPoints": "never",
            "spanNulls": true,
            "stacking": {
              "group": "A",
              "mode": "none"
            },
            "thresholdsStyle": {
              "mode": "off"
            }
          },
          "links": [],
          "mappings": [],
          "min": 0,
          "thresholds": {
            "mode": "absolute",
            "steps": [
              {
                "color": "green"
              },
              {
                "color": "red",
                "value": 80
              }
            ]
          },
          "unit": "none"
        },
        "overrides": [
          {
            "matcher": {
              "id": "byRegexp",
              "options": "/.*MetadataOperations/"
            },
            "properties": [
              {
                "id": "custom.axisPlacement",
                "value": "right"
              }
            ]
          }
        ]
      },
      "gridPos": {
        "h": 7,
        "w": 24,
        "x": 0,
        "y": 29
      },
      "id": 20,
      "options": {
        "legend": {
          "calcs": ["min", "max", "mean"],
          "displayMode": "table",
          "placement": "bottom",
          "showLegend": true
        },
        "tooltip": {
          "mode": "multi",
          "sort": "none"
        }
      },
      "pluginVersion": "9.2.19",
      "targets": [
        {
          "alias": "",
          "application": {
            "filter": ""
          },
          "datasource": {
            "uid": "${datasource}"
          },
          "dimensions": {
            "FileSystemId": "$filesystemid"
          },
          "expression": "",
          "functions": [],
          "group": {
            "filter": ""
          },
          "host": {
            "filter": ""
          },
          "id": "",
          "item": {
            "filter": ""
          },
          "label": "",
          "matchExact": true,
          "metricEditorMode": 0,
          "metricName": "ClientConnections",
          "metricQueryType": 0,
          "mode": 0,
          "namespace": "AWS/FSx",
          "options": {
            "showDisabledItems": false
          },
          "period": "",
          "queryMode": "Metrics",
          "refId": "A",
          "region": "$region",
          "sqlExpression": "",
          "statistic": "Sum"
        },
        {
          "alias": "",
          "application": {
            "filter": ""
          },
          "datasource": {
            "uid": "${datasource}"
          },
          "dimensions": {
            "FileSystemId": "$filesystemid"
          },
          "expression": "",
          "functions": [],
          "group": {
            "filter": ""
          },
          "hide": false,
          "host": {
            "filter": ""
          },
          "id": "",
          "item": {
            "filter": ""
          },
          "label": "",
          "matchExact": true,
          "metricEditorMode": 0,
          "metricName": "MetadataOperations",
          "metricQueryType": 0,
          "mode": 0,
          "namespace": "AWS/FSx",
          "options": {
            "showDisabledItems": false
          },
          "period": "",
          "queryMode": "Metrics",
          "refId": "B",
          "region": "$region",
          "sqlExpression": "",
          "statistic": "Sum"
        }
      ],
      "title": "ClientConnections/MetadataOperations",
      "type": "timeseries"
    },
    {
      "datasource": {
        "type": "cloudwatch",
        "uid": "${datasource}"
      },
      "fieldConfig": {
        "defaults": {
          "color": {
            "mode": "palette-classic"
          },
          "custom": {
            "axisBorderShow": false,
            "axisCenteredZero": false,
            "axisColorMode": "text",
            "axisLabel": "",
            "axisPlacement": "auto",
            "barAlignment": 0,
            "drawStyle": "line",
            "fillOpacity": 20,
            "gradientMode": "none",
            "hideFrom": {
              "legend": false,
              "tooltip": false,
              "viz": false
            },
            "insertNulls": false,
            "lineInterpolation": "linear",
            "lineWidth": 1,
            "pointSize": 5,
            "scaleDistribution": {
              "type": "linear"
            },
            "showPoints": "never",
            "spanNulls": true,
            "stacking": {
              "group": "A",
              "mode": "none"
            },
            "thresholdsStyle": {
              "mode": "off"
            }
          },
          "links": [],
          "mappings": [],
          "min": 0,
          "thresholds": {
            "mode": "absolute",
            "steps": [
              {
                "color": "green"
              },
              {
                "color": "red",
                "value": 80
              }
            ]
          },
          "unit": "percent"
        },
        "overrides": [
          {
            "matcher": {
              "id": "byRegexp",
              "options": "/.*FileServerDiskThroughputBalance/"
            },
            "properties": [
              {
                "id": "custom.axisPlacement",
                "value": "right"
              }
            ]
          }
        ]
      },
      "gridPos": {
        "h": 7,
        "w": 24,
        "x": 0,
        "y": 36
      },
      "id": 27,
      "options": {
        "legend": {
          "calcs": ["min", "max", "mean"],
          "displayMode": "table",
          "placement": "bottom",
          "showLegend": true
        },
        "tooltip": {
          "mode": "multi",
          "sort": "none"
        }
      },
      "pluginVersion": "9.2.19",
      "targets": [
        {
          "alias": "",
          "application": {
            "filter": ""
          },
          "datasource": {
            "uid": "${datasource}"
          },
          "dimensions": {
            "FileSystemId": "$filesystemid"
          },
          "expression": "",
          "functions": [],
          "group": {
            "filter": ""
          },
          "host": {
            "filter": ""
          },
          "id": "",
          "item": {
            "filter": ""
          },
          "label": "",
          "matchExact": true,
          "metricEditorMode": 0,
          "metricName": "FileServerDiskIopsBalance",
          "metricQueryType": 0,
          "mode": 0,
          "namespace": "AWS/FSx",
          "options": {
            "showDisabledItems": false
          },
          "period": "",
          "queryMode": "Metrics",
          "refId": "A",
          "region": "$region",
          "sqlExpression": "",
          "statistic": "Average"
        },
        {
          "alias": "",
          "application": {
            "filter": ""
          },
          "datasource": {
            "uid": "${datasource}"
          },
          "dimensions": {
            "FileSystemId": "$filesystemid"
          },
          "expression": "",
          "functions": [],
          "group": {
            "filter": ""
          },
          "hide": false,
          "host": {
            "filter": ""
          },
          "id": "",
          "item": {
            "filter": ""
          },
          "label": "",
          "matchExact": true,
          "metricEditorMode": 0,
          "metricName": "FileServerDiskThroughputBalance",
          "metricQueryType": 0,
          "mode": 0,
          "namespace": "AWS/FSx",
          "options": {
            "showDisabledItems": false
          },
          "period": "",
          "queryMode": "Metrics",
          "refId": "B",
          "region": "$region",
          "sqlExpression": "",
          "statistic": "Sum"
        }
      ],
      "title": "FileServerDiskIopsBalance/FileServerDiskThroughputBalance",
      "type": "timeseries"
    },
    {
      "datasource": {
        "type": "cloudwatch",
        "uid": "${datasource}"
      },
      "fieldConfig": {
        "defaults": {
          "color": {
            "mode": "palette-classic"
          },
          "custom": {
            "axisBorderShow": false,
            "axisCenteredZero": false,
            "axisColorMode": "text",
            "axisLabel": "",
            "axisPlacement": "auto",
            "barAlignment": 0,
            "drawStyle": "line",
            "fillOpacity": 20,
            "gradientMode": "none",
            "hideFrom": {
              "legend": false,
              "tooltip": false,
              "viz": false
            },
            "insertNulls": false,
            "lineInterpolation": "linear",
            "lineWidth": 1,
            "pointSize": 5,
            "scaleDistribution": {
              "type": "linear"
            },
            "showPoints": "never",
            "spanNulls": true,
            "stacking": {
              "group": "A",
              "mode": "none"
            },
            "thresholdsStyle": {
              "mode": "off"
            }
          },
          "links": [],
          "mappings": [],
          "min": 0,
          "thresholds": {
            "mode": "absolute",
            "steps": [
              {
                "color": "green"
              },
              {
                "color": "red",
                "value": 80
              }
            ]
          },
          "unit": "percent"
        },
        "overrides": [
          {
            "matcher": {
              "id": "byRegexp",
              "options": "/.*DiskIopsUtilization/"
            },
            "properties": [
              {
                "id": "custom.axisPlacement",
                "value": "right"
              }
            ]
          }
        ]
      },
      "gridPos": {
        "h": 7,
        "w": 24,
        "x": 0,
        "y": 43
      },
      "id": 25,
      "options": {
        "legend": {
          "calcs": ["min", "max", "mean"],
          "displayMode": "table",
          "placement": "bottom",
          "showLegend": true
        },
        "tooltip": {
          "mode": "multi",
          "sort": "none"
        }
      },
      "pluginVersion": "9.2.19",
      "targets": [
        {
          "alias": "",
          "application": {
            "filter": ""
          },
          "datasource": {
            "uid": "${datasource}"
          },
          "dimensions": {
            "FileSystemId": "$filesystemid"
          },
          "expression": "",
          "functions": [],
          "group": {
            "filter": ""
          },
          "host": {
            "filter": ""
          },
          "id": "",
          "item": {
            "filter": ""
          },
          "label": "",
          "matchExact": true,
          "metricEditorMode": 0,
          "metricName": "DiskThroughputUtilization",
          "metricQueryType": 0,
          "mode": 0,
          "namespace": "AWS/FSx",
          "options": {
            "showDisabledItems": false
          },
          "period": "",
          "queryMode": "Metrics",
          "refId": "A",
          "region": "$region",
          "sqlExpression": "",
          "statistic": "Average"
        },
        {
          "alias": "",
          "application": {
            "filter": ""
          },
          "datasource": {
            "uid": "${datasource}"
          },
          "dimensions": {
            "FileSystemId": "$filesystemid"
          },
          "expression": "",
          "functions": [],
          "group": {
            "filter": ""
          },
          "hide": false,
          "host": {
            "filter": ""
          },
          "id": "",
          "item": {
            "filter": ""
          },
          "label": "",
          "matchExact": true,
          "metricEditorMode": 0,
          "metricName": "DiskIopsUtilization",
          "metricQueryType": 0,
          "mode": 0,
          "namespace": "AWS/FSx",
          "options": {
            "showDisabledItems": false
          },
          "period": "",
          "queryMode": "Metrics",
          "refId": "B",
          "region": "$region",
          "sqlExpression": "",
          "statistic": "Sum"
        }
      ],
      "title": "DiskThroughputUtilization/DiskIopsUtilization",
      "type": "timeseries"
    },
    {
      "datasource": {
        "type": "cloudwatch",
        "uid": "${datasource}"
      },
      "fieldConfig": {
        "defaults": {
          "color": {
            "mode": "palette-classic"
          },
          "custom": {
            "axisBorderShow": false,
            "axisCenteredZero": false,
            "axisColorMode": "text",
            "axisLabel": "",
            "axisPlacement": "auto",
            "barAlignment": 0,
            "drawStyle": "line",
            "fillOpacity": 20,
            "gradientMode": "none",
            "hideFrom": {
              "legend": false,
              "tooltip": false,
              "viz": false
            },
            "insertNulls": false,
            "lineInterpolation": "linear",
            "lineWidth": 1,
            "pointSize": 5,
            "scaleDistribution": {
              "type": "linear"
            },
            "showPoints": "never",
            "spanNulls": true,
            "stacking": {
              "group": "A",
              "mode": "none"
            },
            "thresholdsStyle": {
              "mode": "off"
            }
          },
          "links": [],
          "mappings": [],
          "min": 0,
          "thresholds": {
            "mode": "absolute",
            "steps": [
              {
                "color": "green"
              },
              {
                "color": "red",
                "value": 80
              }
            ]
          },
          "unit": "bytes"
        },
        "overrides": [
          {
            "matcher": {
              "id": "byRegexp",
              "options": "/.*DiskWriteBytes/"
            },
            "properties": [
              {
                "id": "custom.axisPlacement",
                "value": "right"
              }
            ]
          }
        ]
      },
      "gridPos": {
        "h": 7,
        "w": 24,
        "x": 0,
        "y": 50
      },
      "id": 16,
      "options": {
        "legend": {
          "calcs": ["min", "max", "mean"],
          "displayMode": "table",
          "placement": "bottom",
          "showLegend": true
        },
        "tooltip": {
          "mode": "multi",
          "sort": "none"
        }
      },
      "pluginVersion": "9.2.19",
      "targets": [
        {
          "alias": "",
          "application": {
            "filter": ""
          },
          "datasource": {
            "uid": "${datasource}"
          },
          "dimensions": {
            "FileSystemId": "$filesystemid"
          },
          "expression": "",
          "functions": [],
          "group": {
            "filter": ""
          },
          "host": {
            "filter": ""
          },
          "id": "",
          "item": {
            "filter": ""
          },
          "label": "",
          "matchExact": true,
          "metricEditorMode": 0,
          "metricName": "DiskReadBytes",
          "metricQueryType": 0,
          "mode": 0,
          "namespace": "AWS/FSx",
          "options": {
            "showDisabledItems": false
          },
          "period": "",
          "queryMode": "Metrics",
          "refId": "A",
          "region": "$region",
          "sqlExpression": "",
          "statistic": "Sum"
        },
        {
          "alias": "",
          "application": {
            "filter": ""
          },
          "datasource": {
            "uid": "${datasource}"
          },
          "dimensions": {
            "FileSystemId": "$filesystemid"
          },
          "expression": "",
          "functions": [],
          "group": {
            "filter": ""
          },
          "hide": false,
          "host": {
            "filter": ""
          },
          "id": "",
          "item": {
            "filter": ""
          },
          "label": "",
          "matchExact": true,
          "metricEditorMode": 0,
          "metricName": "DiskWriteBytes",
          "metricQueryType": 0,
          "mode": 0,
          "namespace": "AWS/FSx",
          "options": {
            "showDisabledItems": false
          },
          "period": "",
          "queryMode": "Metrics",
          "refId": "B",
          "region": "$region",
          "sqlExpression": "",
          "statistic": "Sum"
        }
      ],
      "title": "DiskReadBytes/DiskWriteBytes",
      "type": "timeseries"
    },
    {
      "datasource": {
        "type": "cloudwatch",
        "uid": "${datasource}"
      },
      "fieldConfig": {
        "defaults": {
          "color": {
            "mode": "palette-classic"
          },
          "custom": {
            "axisBorderShow": false,
            "axisCenteredZero": false,
            "axisColorMode": "text",
            "axisLabel": "",
            "axisPlacement": "auto",
            "barAlignment": 0,
            "drawStyle": "line",
            "fillOpacity": 20,
            "gradientMode": "none",
            "hideFrom": {
              "legend": false,
              "tooltip": false,
              "viz": false
            },
            "insertNulls": false,
            "lineInterpolation": "linear",
            "lineWidth": 1,
            "pointSize": 5,
            "scaleDistribution": {
              "type": "linear"
            },
            "showPoints": "never",
            "spanNulls": true,
            "stacking": {
              "group": "A",
              "mode": "none"
            },
            "thresholdsStyle": {
              "mode": "off"
            }
          },
          "links": [],
          "mappings": [],
          "min": 0,
          "thresholds": {
            "mode": "absolute",
            "steps": [
              {
                "color": "green"
              },
              {
                "color": "red",
                "value": 80
              }
            ]
          },
          "unit": "iops"
        },
        "overrides": [
          {
            "matcher": {
              "id": "byRegexp",
              "options": "/.*DiskWriteOperations/"
            },
            "properties": [
              {
                "id": "custom.axisPlacement",
                "value": "right"
              }
            ]
          }
        ]
      },
      "gridPos": {
        "h": 7,
        "w": 24,
        "x": 0,
        "y": 57
      },
      "id": 21,
      "options": {
        "legend": {
          "calcs": ["min", "max", "mean"],
          "displayMode": "table",
          "placement": "bottom",
          "showLegend": true
        },
        "tooltip": {
          "mode": "multi",
          "sort": "none"
        }
      },
      "pluginVersion": "9.2.19",
      "targets": [
        {
          "alias": "",
          "application": {
            "filter": ""
          },
          "datasource": {
            "uid": "${datasource}"
          },
          "dimensions": {
            "FileSystemId": "$filesystemid"
          },
          "expression": "",
          "functions": [],
          "group": {
            "filter": ""
          },
          "host": {
            "filter": ""
          },
          "id": "",
          "item": {
            "filter": ""
          },
          "label": "",
          "matchExact": true,
          "metricEditorMode": 0,
          "metricName": "DiskReadOperations",
          "metricQueryType": 0,
          "mode": 0,
          "namespace": "AWS/FSx",
          "options": {
            "showDisabledItems": false
          },
          "period": "",
          "queryMode": "Metrics",
          "refId": "A",
          "region": "$region",
          "sqlExpression": "",
          "statistic": "Sum"
        },
        {
          "alias": "",
          "application": {
            "filter": ""
          },
          "datasource": {
            "uid": "${datasource}"
          },
          "dimensions": {
            "FileSystemId": "$filesystemid"
          },
          "expression": "",
          "functions": [],
          "group": {
            "filter": ""
          },
          "hide": false,
          "host": {
            "filter": ""
          },
          "id": "",
          "item": {
            "filter": ""
          },
          "label": "",
          "matchExact": true,
          "metricEditorMode": 0,
          "metricName": "DiskWriteOperations",
          "metricQueryType": 0,
          "mode": 0,
          "namespace": "AWS/FSx",
          "options": {
            "showDisabledItems": false
          },
          "period": "",
          "queryMode": "Metrics",
          "refId": "B",
          "region": "$region",
          "sqlExpression": "",
          "statistic": "Sum"
        }
      ],
      "title": "DiskReadOperations/DiskWriteOperations",
      "type": "timeseries"
    },
    {
      "datasource": {
        "type": "cloudwatch",
        "uid": "${datasource}"
      },
      "fieldConfig": {
        "defaults": {
          "color": {
            "mode": "palette-classic"
          },
          "custom": {
            "axisBorderShow": false,
            "axisCenteredZero": false,
            "axisColorMode": "text",
            "axisLabel": "",
            "axisPlacement": "auto",
            "barAlignment": 0,
            "drawStyle": "line",
            "fillOpacity": 20,
            "gradientMode": "none",
            "hideFrom": {
              "legend": false,
              "tooltip": false,
              "viz": false
            },
            "insertNulls": false,
            "lineInterpolation": "linear",
            "lineWidth": 1,
            "pointSize": 5,
            "scaleDistribution": {
              "type": "linear"
            },
            "showPoints": "never",
            "spanNulls": true,
            "stacking": {
              "group": "A",
              "mode": "none"
            },
            "thresholdsStyle": {
              "mode": "off"
            }
          },
          "links": [],
          "mappings": [],
          "min": 0,
          "thresholds": {
            "mode": "absolute",
            "steps": [
              {
                "color": "green"
              },
              {
                "color": "red",
                "value": 80
              }
            ]
          },
          "unit": "bytes"
        },
        "overrides": [
          {
            "matcher": {
              "id": "byRegexp",
              "options": "/.*DataWriteBytes/"
            },
            "properties": [
              {
                "id": "custom.axisPlacement",
                "value": "right"
              }
            ]
          }
        ]
      },
      "gridPos": {
        "h": 7,
        "w": 24,
        "x": 0,
        "y": 64
      },
      "id": 28,
      "options": {
        "legend": {
          "calcs": ["min", "max", "mean"],
          "displayMode": "table",
          "placement": "bottom",
          "showLegend": true
        },
        "tooltip": {
          "mode": "multi",
          "sort": "none"
        }
      },
      "pluginVersion": "9.2.19",
      "targets": [
        {
          "alias": "",
          "application": {
            "filter": ""
          },
          "datasource": {
            "uid": "${datasource}"
          },
          "dimensions": {
            "FileSystemId": "$filesystemid"
          },
          "expression": "",
          "functions": [],
          "group": {
            "filter": ""
          },
          "host": {
            "filter": ""
          },
          "id": "",
          "item": {
            "filter": ""
          },
          "label": "",
          "matchExact": true,
          "metricEditorMode": 0,
          "metricName": "DataReadBytes",
          "metricQueryType": 0,
          "mode": 0,
          "namespace": "AWS/FSx",
          "options": {
            "showDisabledItems": false
          },
          "period": "",
          "queryMode": "Metrics",
          "refId": "A",
          "region": "$region",
          "sqlExpression": "",
          "statistic": "Sum"
        },
        {
          "alias": "",
          "application": {
            "filter": ""
          },
          "datasource": {
            "uid": "${datasource}"
          },
          "dimensions": {
            "FileSystemId": "$filesystemid"
          },
          "expression": "",
          "functions": [],
          "group": {
            "filter": ""
          },
          "hide": false,
          "host": {
            "filter": ""
          },
          "id": "",
          "item": {
            "filter": ""
          },
          "label": "",
          "matchExact": true,
          "metricEditorMode": 0,
          "metricName": "DataWriteBytes",
          "metricQueryType": 0,
          "mode": 0,
          "namespace": "AWS/FSx",
          "options": {
            "showDisabledItems": false
          },
          "period": "",
          "queryMode": "Metrics",
          "refId": "B",
          "region": "$region",
          "sqlExpression": "",
          "statistic": "Sum"
        }
      ],
      "title": "DataReadBytes/DataWriteBytes",
      "type": "timeseries"
    },
    {
      "datasource": {
        "type": "cloudwatch",
        "uid": "${datasource}"
      },
      "fieldConfig": {
        "defaults": {
          "color": {
            "mode": "palette-classic"
          },
          "custom": {
            "axisBorderShow": false,
            "axisCenteredZero": false,
            "axisColorMode": "text",
            "axisLabel": "",
            "axisPlacement": "auto",
            "barAlignment": 0,
            "drawStyle": "line",
            "fillOpacity": 20,
            "gradientMode": "none",
            "hideFrom": {
              "legend": false,
              "tooltip": false,
              "viz": false
            },
            "insertNulls": false,
            "lineInterpolation": "linear",
            "lineWidth": 1,
            "pointSize": 5,
            "scaleDistribution": {
              "type": "linear"
            },
            "showPoints": "never",
            "spanNulls": true,
            "stacking": {
              "group": "A",
              "mode": "none"
            },
            "thresholdsStyle": {
              "mode": "off"
            }
          },
          "links": [],
          "mappings": [],
          "min": 0,
          "thresholds": {
            "mode": "absolute",
            "steps": [
              {
                "color": "green"
              },
              {
                "color": "red",
                "value": 80
              }
            ]
          },
          "unit": "iops"
        },
        "overrides": [
          {
            "matcher": {
              "id": "byRegexp",
              "options": "/.*DataWriteOperations/"
            },
            "properties": [
              {
                "id": "custom.axisPlacement",
                "value": "right"
              }
            ]
          }
        ]
      },
      "gridPos": {
        "h": 7,
        "w": 24,
        "x": 0,
        "y": 71
      },
      "id": 17,
      "options": {
        "legend": {
          "calcs": ["min", "max", "mean"],
          "displayMode": "table",
          "placement": "bottom",
          "showLegend": true
        },
        "tooltip": {
          "mode": "multi",
          "sort": "none"
        }
      },
      "pluginVersion": "9.2.19",
      "targets": [
        {
          "alias": "",
          "application": {
            "filter": ""
          },
          "datasource": {
            "uid": "${datasource}"
          },
          "dimensions": {
            "FileSystemId": "$filesystemid"
          },
          "expression": "",
          "functions": [],
          "group": {
            "filter": ""
          },
          "host": {
            "filter": ""
          },
          "id": "",
          "item": {
            "filter": ""
          },
          "label": "",
          "matchExact": true,
          "metricEditorMode": 0,
          "metricName": "DataReadOperations",
          "metricQueryType": 0,
          "mode": 0,
          "namespace": "AWS/FSx",
          "options": {
            "showDisabledItems": false
          },
          "period": "",
          "queryMode": "Metrics",
          "refId": "A",
          "region": "$region",
          "sqlExpression": "",
          "statistic": "Sum"
        },
        {
          "alias": "",
          "application": {
            "filter": ""
          },
          "datasource": {
            "uid": "${datasource}"
          },
          "dimensions": {
            "FileSystemId": "$filesystemid"
          },
          "expression": "",
          "functions": [],
          "group": {
            "filter": ""
          },
          "hide": false,
          "host": {
            "filter": ""
          },
          "id": "",
          "item": {
            "filter": ""
          },
          "label": "",
          "matchExact": true,
          "metricEditorMode": 0,
          "metricName": "DataWriteOperations",
          "metricQueryType": 0,
          "mode": 0,
          "namespace": "AWS/FSx",
          "options": {
            "showDisabledItems": false
          },
          "period": "",
          "queryMode": "Metrics",
          "refId": "B",
          "region": "$region",
          "sqlExpression": "",
          "statistic": "Sum"
        }
      ],
      "title": "DataReadOperations/DataWriteOperations",
      "type": "timeseries"
    },
    {
      "collapsed": false,
      "gridPos": {
        "h": 1,
        "w": 24,
        "x": 0,
        "y": 78
      },
      "id": 32,
      "panels": [],
      "title": "Help",
      "type": "row"
    },
    {
      "datasource": {
        "uid": "${datasource}"
      },
      "editable": false,
      "error": false,
      "gridPos": {
        "h": 3,
        "w": 24,
        "x": 0,
        "y": 79
      },
      "id": 2,
      "options": {
        "code": {
          "language": "plaintext",
          "showLineNumbers": false,
          "showMiniMap": false
        },
        "content": "To enable additional metrics or troubleshoot issues, refer to the Amazon SageMaker HyperPod observability user guide: https://docs.aws.amazon.com/sagemaker/latest/dg/sagemaker-hyperpod-eks-cluster-observability-cluster.html",
        "mode": "markdown"
      },
      "pluginVersion": "10.4.1",
      "targets": [
        {
          "datasource": {
            "uid": "${datasource}"
          },
          "refId": "A"
        }
      ],
      "title": "Documentation",
      "type": "text"
    },
    {
      "datasource": {
        "type": "datasource",
        "uid": "grafana"
      },
      "description": "",
      "gridPos": {
        "h": 3,
        "w": 24,
        "x": 0,
        "y": 82
      },
      "id": 30,
      "options": {
        "code": {
          "language": "plaintext",
          "showLineNumbers": false,
          "showMiniMap": false
        },
        "content": "Tell us how we can improve your Amazon SageMaker HyperPod observability experience by reporting bugs or submitting feature requests here\nhttps://github.com/aws/amazon-sagemaker-feedback/issues",
        "mode": "markdown"
      },
      "pluginVersion": "10.4.1",
      "title": "Feedback?",
      "type": "text"
    }
  ],
  "refresh": "30s",
  "schemaVersion": 39,
  "tags": ["aws", "sagemaker", "hyperpod", "fsx"],
  "templating": {
    "list": [
      {
        "current": {
          "selected": false,
          "text": "cloudwatch",
          "value": "eeor7jvmre134b"
        },
        "hide": 0,
        "includeAll": false,
        "label": "Datasource",
        "multi": false,
        "name": "datasource",
        "options": [],
        "query": "cloudwatch",
        "queryValue": "",
        "refresh": 1,
        "regex": "",
        "skipUrlSync": false,
        "type": "datasource"
      },
      {
        "current": {
          "selected": false,
          "text": "default",
          "value": "default"
        },
        "datasource": {
          "uid": "${datasource}"
        },
        "definition": "",
        "hide": 0,
        "includeAll": false,
        "label": "Region",
        "multi": false,
        "name": "region",
        "options": [],
        "query": "regions()",
        "refresh": 1,
        "regex": "",
        "skipUrlSync": false,
        "sort": 0,
        "tagValuesQuery": "",
        "tagsQuery": "",
        "type": "query",
        "useTags": false
      },
      {
        "allValue": "*",
        "current": {
          "selected": false,
          "text": "All",
          "value": "$__all"
        },
        "datasource": {
          "uid": "${datasource}"
        },
        "definition": "",
        "hide": 0,
        "includeAll": true,
        "label": "FileSystemId",
        "multi": false,
        "name": "filesystemid",
        "options": [],
        "query": {
          "attributeName": "",
          "dimensionFilters": {},
          "dimensionKey": "FileSystemId",
          "ec2Filters": {},
          "instanceID": "",
          "metricName": "CPUUtilization",
          "namespace": "AWS/FSx",
          "queryType": "dimensionValues",
          "refId": "CloudWatchVariableQueryEditor-VariableQuery",
          "region": "$region",
          "resourceType": "",
          "tags": {}
        },
        "refresh": 1,
        "regex": "",
        "skipUrlSync": false,
        "sort": 1,
        "tagValuesQuery": "",
        "tagsQuery": "",
        "type": "query",
        "useTags": false
      }
    ]
  },
  "time": {
    "from": "now-6h",
    "to": "now"
  },
  "timepicker": {
    "refresh_intervals": ["5s", "10s", "30s", "1m", "5m", "15m", "30m", "1h", "2h", "1d"],
    "time_options": ["5m", "15m", "1h", "6h", "12h", "24h", "2d", "7d", "30d"]
  },
  "timezone": "browser",
  "title": "File system",
  "uid": "ceodz8yeoehhca",
  "version": 18,
  "weekStart": ""
}
